<catalog xmlns="urn:oasis:names:tc:entity:xmlns:xml:catalog" prefer="public">

<!-- ............................................................ -->
<!-- XML Catalog for DocBook .................................... -->
<!-- File catalog.xml ........................................... -->

<!-- Please direct all questions, bug reports, or suggestions for
     changes to the docbook@lists.oasis-open.org mailing list.
     For more information, see http://www.oasis-open.org/.
-->

<!-- This is a catalog data file for DocBook. It is provided as a
     convenience in building your own catalog files. You need not
     use the filenames listed here, and need not use the filename
     method of identifying storage objects at all. See the
     documentation for detailed information on the files associated
     with the DocBook DTD. See XML Catalogs at
     http://www.oasis-open.org/committees/entity/ for detailed
     information on supplying and using catalog data.
-->

<public publicId="-//OASIS//DTD DocBook XML 5.0CR2//EN" uri="dtd/docbook.dtd"/>

<system systemId="http://www.oasis-open.org/docbook/xml/5.0CR2/dtd/docbook.dtd" uri="dtd/docbook.dtd"/>

<system systemId="http://docbook.org/xml/5.0CR2/dtd/docbook.dtd" uri="dtd/docbook.dtd"/>

<uri name="http://www.oasis-open.org/docbook/xml/5.0CR2/rng/docbook.rng" uri="rng/docbook.rng"/>

<uri name="http://docbook.org/xml/5.0CR2/rng/docbook.rng" uri="rng/docbook.rng"/>

<uri name="http://www.oasis-open.org/docbook/xml/5.0CR2/rng/docbookxi.rng" uri="rng/docbookxi.rng"/>

<uri name="http://docbook.org/xml/5.0CR2/rng/docbookxi.rng" uri="rng/docbookxi.rng"/>

<uri name="http://www.oasis-open.org/docbook/xml/5.0CR2/rng/docbook.rnc" uri="rng/docbook.rnc"/>

<uri name="http://docbook.org/xml/5.0CR2/rng/docbook.rnc" uri="rng/docbook.rnc"/>

<uri name="http://www.oasis-open.org/docbook/xml/5.0CR2/rng/docbookxi.rnc" uri="rng/docbookxi.rnc"/>

<uri name="http://docbook.org/xml/5.0CR2/rng/docbookxi.rnc" uri="rng/docbookxi.rnc"/>

<uri name="http://www.oasis-open.org/docbook/xml/5.0CR2/xsd/docbook.xsd" uri="xsd/docbook.xsd"/>

<uri name="http://docbook.org/xml/5.0CR2/xsd/docbook.xsd" uri="xsd/docbook.xsd"/>

<uri name="http://www.oasis-open.org/docbook/xml/5.0CR2/xsd/docbookxi.xsd" uri="xsd/docbookxi.xsd"/>

<uri name="http://docbook.org/xml/5.0CR2/xsd/docbookxi.xsd" uri="xsd/docbookxi.xsd"/>

<uri name="http://www.oasis-open.org/docbook/xml/5.0CR2/xsd/xi.xsd" uri="xsd/xi.xsd"/>

<uri name="http://docbook.org/xml/5.0CR2/xsd/xi.xsd" uri="xsd/xi.xsd"/>

<uri name="http://www.oasis-open.org/docbook/xml/5.0CR2/xsd/xlink.xsd" uri="xsd/xlink.xsd"/>

<uri name="http://docbook.org/xml/5.0CR2/xsd/xlink.xsd" uri="xsd/xlink.xsd"/>

<uri name="http://www.oasis-open.org/docbook/xml/5.0CR2/xsd/xml.xsd" uri="xsd/xml.xsd"/>

<uri name="http://docbook.org/xml/5.0CR2/xsd/xml.xsd" uri="xsd/xml.xsd"/>

<uri name="http://www.oasis-open.org/docbook/xml/5.0CR2/sch/docbook.sch" uri="sch/docbook.sch"/>

<uri name="http://docbook.org/xml/5.0CR2/sch/docbook.sch" uri="sch/docbook.sch"/>

<!-- End of XML Catalog for DocBook ............................. -->
<!-- ............................................................ -->
</catalog>