<?xml version="1.0" encoding="UTF-8"?>
<article xmlns="http://docbook.org/ns/docbook">
  <info>
    <title>Transclusions demo</title>
    <definitions definitionfile="definitions.001.xml">
      <!-- Local definition will override definition from external definitions file -->
      <def name="product-version">4.01</def>
    </definitions>    
  </info>
  <para>The latest version of <application><ref name="product-name"/></application>
    from <ref name="corp-name"/> is <ref name="product-version"/>.</para>
</article>
