<catalog xmlns="urn:oasis:names:tc:entity:xmlns:xml:catalog" prefer="public">
<!--
  DocBook Version 5.1
  OASIS Standard 
  22 November 2016
  Copyright (c) OASIS Open 2016. All Rights Reserved.
  Source: http://docs.oasis-open.org/docbook/docbook/v5.1/os/schemas/
  Link to latest version of specification: http://docs.oasis-open.org/docbook/docbook/v5.1/docbook-v5.1.html
     -->
<!-- ............................................................ -->
<!-- XML Catalog for DocBook .................................... -->
<!-- File catalog.xml ........................................... -->

<!-- Please direct all questions, bug reports, or suggestions for
     changes to the docbook-comment@lists.oasis-open.org mailing list.
     For more information, see http://www.oasis-open.org/.
-->

<!-- This is a catalog data file for DocBook. It is provided as a
     convenience in building your own catalog files. You need not
     use the filenames listed here, and need not use the filename
     method of identifying storage objects at all. See the
     documentation for detailed information on the files associated
     with the DocBook DTD. See XML Catalogs at
     http://www.oasis-open.org/committees/entity/ for detailed
     information on supplying and using catalog data.
-->

<!-- This is the source format for the catalog; replace 5.1CR4 with the appropriate
     versions before publishing it! -->

<uri name="http://www.oasis-open.org/docbook/xml/5.1CR4/docbook.nvdl" uri="docbook.nvdl"/>
<uri name="http://www.oasis-open.org/docbook/xml/5.1CR4/rng/assembly.rnc" uri="rng/assembly.rnc"/>
<uri name="http://www.oasis-open.org/docbook/xml/5.1CR4/rng/assembly.rng" uri="rng/assembly.rng"/>
<uri name="http://www.oasis-open.org/docbook/xml/5.1CR4/rng/dbits.rnc" uri="rng/dbits.rnc"/>
<uri name="http://www.oasis-open.org/docbook/xml/5.1CR4/rng/dbits.rng" uri="rng/dbits.rng"/>
<uri name="http://www.oasis-open.org/docbook/xml/5.1CR4/rng/docbook.rnc" uri="rng/docbook.rnc"/>
<uri name="http://www.oasis-open.org/docbook/xml/5.1CR4/rng/docbook.rng" uri="rng/docbook.rng"/>
<uri name="http://www.oasis-open.org/docbook/xml/5.1CR4/rng/docbookxi.rnc" uri="rng/docbookxi.rnc"/>
<uri name="http://www.oasis-open.org/docbook/xml/5.1CR4/rng/docbookxi.rng" uri="rng/docbookxi.rng"/>
<uri name="http://www.oasis-open.org/docbook/xml/5.1CR4/sch/docbook.sch" uri="sch/docbook.sch"/>
<uri name="http://www.oasis-open.org/docbook/xml/5.1CR4/xsd/docbook.xsd" uri="xsd/docbook.xsd"/>
<uri name="http://www.oasis-open.org/docbook/xml/5.1CR4/xsd/docbookxi.xsd" uri="xsd/docbookxi.xsd"/>
<uri name="http://www.oasis-open.org/docbook/xml/5.1CR4/xsd/xi.xsd" uri="xsd/xi.xsd"/>
<uri name="http://www.oasis-open.org/docbook/xml/5.1CR4/xsd/xlink.xsd" uri="xsd/xlink.xsd"/>
<uri name="http://www.oasis-open.org/docbook/xml/5.1CR4/xsd/xml.xsd" uri="xsd/xml.xsd"/>

<uri name="http://docbook.org/xml/5.1CR4/docbook.nvdl" uri="docbook.nvdl"/>
<uri name="http://docbook.org/xml/5.1CR4/rng/assembly.rnc" uri="rng/assembly.rnc"/>
<uri name="http://docbook.org/xml/5.1CR4/rng/assembly.rng" uri="rng/assembly.rng"/>
<uri name="http://docbook.org/xml/5.1CR4/rng/dbits.rnc" uri="rng/dbits.rnc"/>
<uri name="http://docbook.org/xml/5.1CR4/rng/dbits.rng" uri="rng/dbits.rng"/>
<uri name="http://docbook.org/xml/5.1CR4/rng/docbook.rnc" uri="rng/docbook.rnc"/>
<uri name="http://docbook.org/xml/5.1CR4/rng/docbook.rng" uri="rng/docbook.rng"/>
<uri name="http://docbook.org/xml/5.1CR4/rng/docbookxi.rnc" uri="rng/docbookxi.rnc"/>
<uri name="http://docbook.org/xml/5.1CR4/rng/docbookxi.rng" uri="rng/docbookxi.rng"/>
<uri name="http://docbook.org/xml/5.1CR4/sch/docbook.sch" uri="sch/docbook.sch"/>
<uri name="http://docbook.org/xml/5.1CR4/xsd/docbook.xsd" uri="xsd/docbook.xsd"/>
<uri name="http://docbook.org/xml/5.1CR4/xsd/docbookxi.xsd" uri="xsd/docbookxi.xsd"/>
<uri name="http://docbook.org/xml/5.1CR4/xsd/xi.xsd" uri="xsd/xi.xsd"/>
<uri name="http://docbook.org/xml/5.1CR4/xsd/xlink.xsd" uri="xsd/xlink.xsd"/>
<uri name="http://docbook.org/xml/5.1CR4/xsd/xml.xsd" uri="xsd/xml.xsd"/>

<uri name="http://www.docbook.org/xml/5.1CR4/docbook.nvdl" uri="docbook.nvdl"/>
<uri name="http://www.docbook.org/xml/5.1CR4/rng/assembly.rnc" uri="rng/assembly.rnc"/>
<uri name="http://www.docbook.org/xml/5.1CR4/rng/assembly.rng" uri="rng/assembly.rng"/>
<uri name="http://www.docbook.org/xml/5.1CR4/rng/dbits.rnc" uri="rng/dbits.rnc"/>
<uri name="http://www.docbook.org/xml/5.1CR4/rng/dbits.rng" uri="rng/dbits.rng"/>
<uri name="http://www.docbook.org/xml/5.1CR4/rng/docbook.rnc" uri="rng/docbook.rnc"/>
<uri name="http://www.docbook.org/xml/5.1CR4/rng/docbook.rng" uri="rng/docbook.rng"/>
<uri name="http://www.docbook.org/xml/5.1CR4/rng/docbookxi.rnc" uri="rng/docbookxi.rnc"/>
<uri name="http://www.docbook.org/xml/5.1CR4/rng/docbookxi.rng" uri="rng/docbookxi.rng"/>
<uri name="http://www.docbook.org/xml/5.1CR4/sch/docbook.sch" uri="sch/docbook.sch"/>
<uri name="http://www.docbook.org/xml/5.1CR4/xsd/docbook.xsd" uri="xsd/docbook.xsd"/>
<uri name="http://www.docbook.org/xml/5.1CR4/xsd/docbookxi.xsd" uri="xsd/docbookxi.xsd"/>
<uri name="http://www.docbook.org/xml/5.1CR4/xsd/xi.xsd" uri="xsd/xi.xsd"/>
<uri name="http://www.docbook.org/xml/5.1CR4/xsd/xlink.xsd" uri="xsd/xlink.xsd"/>
<uri name="http://www.docbook.org/xml/5.1CR4/xsd/xml.xsd" uri="xsd/xml.xsd"/>

<!-- End of XML Catalog for DocBook ............................. -->
<!-- ............................................................ -->
</catalog>
