<catalog xmlns="urn:oasis:names:tc:entity:xmlns:xml:catalog" prefer="public">

<!-- ............................................................ -->
<!-- XML Catalog for DocBook Slides ............................. -->
<!-- File catalog.xml ........................................... -->

<!-- Please direct all questions, bug reports, or suggestions for
     changes to the docbook-comment@lists.oasis-open.org mailing list.
     For more information, see http://www.oasis-open.org/.
-->

<!-- This is a catalog data file for DocBook Slides. It is
     provided as a convenience in building your own catalog files. You
     need not use the filenames listed here, and need not use the
     filename method of identifying storage objects at all. See the
     documentation for detailed information on the files associated
     with the DocBook DTD. See XML Catalogs at
     http://www.oasis-open.org/committees/entity/ for detailed
     information on supplying and using catalog data.
-->

<uri name="ROOT/VERSION/rng/slides-full.rnc" uri="rng/slides-full.rnc"/>
<uri name="ROOT/VERSION/rng/slides-full.rng" uri="rng/slides-full.rng"/>
<uri name="ROOT/VERSION/rng/slides.rnc" uri="rng/slides.rnc"/>
<uri name="ROOT/VERSION/rng/slides.rng" uri="rng/slides.rng"/>
<uri name="ROOT/VERSION/sch/slides-full.sch" uri="sch/slides-full.rng"/>
<uri name="ROOT/VERSION/sch/slides.sch" uri="sch/slides.rng"/>

<uri name="ROOT2/VERSION/rng/slides-full.rnc" uri="rng/slides-full.rnc"/>
<uri name="ROOT2/VERSION/rng/slides-full.rng" uri="rng/slides-full.rng"/>
<uri name="ROOT2/VERSION/rng/slides.rnc" uri="rng/slides.rnc"/>
<uri name="ROOT2/VERSION/rng/slides.rng" uri="rng/slides.rng"/>
<uri name="ROOT2/VERSION/sch/slides-full.sch" uri="sch/slides-full.rng"/>
<uri name="ROOT2/VERSION/sch/slides.sch" uri="sch/slides.rng"/>

<!-- End of XML Catalog for DocBook Slides ...................... -->
<!-- ............................................................ -->
</catalog>
